{"cameraMode":{"drawMode":0,"name":"Shaded","section":"Shading Mode"},"sceneLighting":true,"audioPlay":false,"sceneViewState":{"m_AlwaysRefresh":false,"showFog":true,"showSkybox":true,"showFlares":true,"showImageEffects":true,"showParticleSystems":true,"showVisualEffectGraphs":true,"m_FxEnabled":true},"in2DMode":false,"pivot":{"x":-1.2428892850875855,"y":-4.25596809387207,"z":3.8522872924804689},"rotation":{"x":0.478456974029541,"y":0.002634624484926462,"z":-0.001434600562788546,"w":0.8781078457832336},"size":120.60929107666016,"orthographic":false}